folder,index,filename,type,width,height,duration,path
lifestyle,1,Atelier-artisan-cutting-table-cognac-leather-arches.png,image,2880,5120,,/Users/ryanz/Library/CloudStorage/GoogleDrive-ryanaoufal@gmail.com/My Drive/Maison Tanneurs/Maisom TanneursLifestyle images/Atelier-artisan-cutting-table-cognac-leather-arches.png
lifestyle,2,Detail-hands-brass-clasp-cognac-handbag.png,image,1344,768,,/Users/ryanz/Library/CloudStorage/GoogleDrive-ryanaoufal@gmail.com/My Drive/Maison Tanneurs/Maisom TanneursLifestyle images/Detail-hands-brass-clasp-cognac-handbag.png
lifestyle,3,Hero-briefcase-cognac-black-drape-studio.png,image,1280,720,,/Users/ryanz/Library/CloudStorage/GoogleDrive-ryanaoufal@gmail.com/My Drive/Maison Tanneurs/Maisom TanneursLifestyle images/Hero-briefcase-cognac-black-drape-studio.png
lifestyle,4,Hero-briefcase-corridor-arches.png,image,1344,768,,/Users/ryanz/Library/CloudStorage/GoogleDrive-ryanaoufal@gmail.com/My Drive/Maison Tanneurs/Maisom TanneursLifestyle images/Hero-briefcase-corridor-arches.png
lifestyle,5,Hero-camels-dune-ridge-blue-sky.png,image,5120,2880,,/Users/ryanz/Library/CloudStorage/GoogleDrive-ryanaoufal@gmail.com/My Drive/Maison Tanneurs/Maisom TanneursLifestyle images/Hero-camels-dune-ridge-blue-sky.png
lifestyle,6,Hero-cargo-rucksack-cognac-concrete.png,image,5120,2880,,/Users/ryanz/Library/CloudStorage/GoogleDrive-ryanaoufal@gmail.com/My Drive/Maison Tanneurs/Maisom TanneursLifestyle images/Hero-cargo-rucksack-cognac-concrete.png
lifestyle,7,Hero-clutch-oxblood-brass-hands.png,image,1344,768,,/Users/ryanz/Library/CloudStorage/GoogleDrive-ryanaoufal@gmail.com/My Drive/Maison Tanneurs/Maisom TanneursLifestyle images/Hero-clutch-oxblood-brass-hands.png
lifestyle,8,Hero-clutch-oxblood-envelope-hands.png,image,1344,768,,/Users/ryanz/Library/CloudStorage/GoogleDrive-ryanaoufal@gmail.com/My Drive/Maison Tanneurs/Maisom TanneursLifestyle images/Hero-clutch-oxblood-envelope-hands.png
lifestyle,9,Hero-doctor-bag-chocolate-zellige-arch-beam.png,image,5120,2880,,/Users/ryanz/Library/CloudStorage/GoogleDrive-ryanaoufal@gmail.com/My Drive/Maison Tanneurs/Maisom TanneursLifestyle images/Hero-doctor-bag-chocolate-zellige-arch-beam.png
lifestyle,10,Hero-doctor-bag-cognac-asian-model-sage.png,image,6048,2592,,/Users/ryanz/Library/CloudStorage/GoogleDrive-ryanaoufal@gmail.com/My Drive/Maison Tanneurs/Maisom TanneursLifestyle images/Hero-doctor-bag-cognac-asian-model-sage.png
lifestyle,11,Hero-doctor-bag-cognac-blue-zellige-niche.png,image,1280,720,,/Users/ryanz/Library/CloudStorage/GoogleDrive-ryanaoufal@gmail.com/My Drive/Maison Tanneurs/Maisom TanneursLifestyle images/Hero-doctor-bag-cognac-blue-zellige-niche.png
lifestyle,12,Hero-duffle-cappadocia-balloons-sunrise.png,image,6048,2592,,/Users/ryanz/Library/CloudStorage/GoogleDrive-ryanaoufal@gmail.com/My Drive/Maison Tanneurs/Maisom TanneursLifestyle images/Hero-duffle-cappadocia-balloons-sunrise.png
lifestyle,13,Hero-duffle-cognac-light-beam-dark.png,image,1344,768,,/Users/ryanz/Library/CloudStorage/GoogleDrive-ryanaoufal@gmail.com/My Drive/Maison Tanneurs/Maisom TanneursLifestyle images/Hero-duffle-cognac-light-beam-dark.png
lifestyle,14,Hero-duffle-cognac-stone-plinth-warm-wall.png,image,5120,2880,,/Users/ryanz/Library/CloudStorage/GoogleDrive-ryanaoufal@gmail.com/My Drive/Maison Tanneurs/Maisom TanneursLifestyle images/Hero-duffle-cognac-stone-plinth-warm-wall.png
lifestyle,15,Hero-duffle-courtyard-arches.png,image,5120,2880,,/Users/ryanz/Library/CloudStorage/GoogleDrive-ryanaoufal@gmail.com/My Drive/Maison Tanneurs/Maisom TanneursLifestyle images/Hero-duffle-courtyard-arches.png
lifestyle,16,Hero-duffle-desert-palace-arch-woman.png,image,5120,2880,,/Users/ryanz/Library/CloudStorage/GoogleDrive-ryanaoufal@gmail.com/My Drive/Maison Tanneurs/Maisom TanneursLifestyle images/Hero-duffle-desert-palace-arch-woman.png
lifestyle,17,Hero-duffle-desert-palace-portrait.png,image,2880,5120,,/Users/ryanz/Library/CloudStorage/GoogleDrive-ryanaoufal@gmail.com/My Drive/Maison Tanneurs/Maisom TanneursLifestyle images/Hero-duffle-desert-palace-portrait.png
lifestyle,18,Hero-duffle-dune-lantern-dusk.png,image,1344,768,,/Users/ryanz/Library/CloudStorage/GoogleDrive-ryanaoufal@gmail.com/My Drive/Maison Tanneurs/Maisom TanneursLifestyle images/Hero-duffle-dune-lantern-dusk.png
lifestyle,19,Hero-duffle-oxblood-woven-zellige-doorway.png,image,2880,5120,,/Users/ryanz/Library/CloudStorage/GoogleDrive-ryanaoufal@gmail.com/My Drive/Maison Tanneurs/Maisom TanneursLifestyle images/Hero-duffle-oxblood-woven-zellige-doorway.png
lifestyle,20,Hero-duffle-vintage-weathered-stone-plinth.png,image,2880,5120,,/Users/ryanz/Library/CloudStorage/GoogleDrive-ryanaoufal@gmail.com/My Drive/Maison Tanneurs/Maisom TanneursLifestyle images/Hero-duffle-vintage-weathered-stone-plinth.png
lifestyle,21,Hero-handbag-cognac-asian-model-sage.png,image,5120,2880,,/Users/ryanz/Library/CloudStorage/GoogleDrive-ryanaoufal@gmail.com/My Drive/Maison Tanneurs/Maisom TanneursLifestyle images/Hero-handbag-cognac-asian-model-sage.png
lifestyle,22,Hero-handbag-noir-stone-courtyard.png,image,896,1152,,/Users/ryanz/Library/CloudStorage/GoogleDrive-ryanaoufal@gmail.com/My Drive/Maison Tanneurs/Maisom TanneursLifestyle images/Hero-handbag-noir-stone-courtyard.png
lifestyle,23,Hero-messenger-chocolate-zellige-arch-medallion.png,image,5120,2880,,/Users/ryanz/Library/CloudStorage/GoogleDrive-ryanaoufal@gmail.com/My Drive/Maison Tanneurs/Maisom TanneursLifestyle images/Hero-messenger-chocolate-zellige-arch-medallion.png
lifestyle,24,Hero-messenger-cognac-peeling-wall.png,image,1280,720,,/Users/ryanz/Library/CloudStorage/GoogleDrive-ryanaoufal@gmail.com/My Drive/Maison Tanneurs/Maisom TanneursLifestyle images/Hero-messenger-cognac-peeling-wall.png
lifestyle,25,Hero-rolltop-cognac-zellige-arch-bougainvillea.png,image,5120,2880,,/Users/ryanz/Library/CloudStorage/GoogleDrive-ryanaoufal@gmail.com/My Drive/Maison Tanneurs/Maisom TanneursLifestyle images/Hero-rolltop-cognac-zellige-arch-bougainvillea.png
lifestyle,26,Hero-rolltop-waxed-canvas-vintage.png,image,1280,720,,/Users/ryanz/Library/CloudStorage/GoogleDrive-ryanaoufal@gmail.com/My Drive/Maison Tanneurs/Maisom TanneursLifestyle images/Hero-rolltop-waxed-canvas-vintage.png
lifestyle,27,Hero-rucksack-cargo-zellige-arch-bougainvillea.png,image,5120,2880,,/Users/ryanz/Library/CloudStorage/GoogleDrive-ryanaoufal@gmail.com/My Drive/Maison Tanneurs/Maisom TanneursLifestyle images/Hero-rucksack-cargo-zellige-arch-bougainvillea.png
lifestyle,28,Hero-rucksack-cognac-blue-zellige-keyhole.png,image,1280,720,,/Users/ryanz/Library/CloudStorage/GoogleDrive-ryanaoufal@gmail.com/My Drive/Maison Tanneurs/Maisom TanneursLifestyle images/Hero-rucksack-cognac-blue-zellige-keyhole.png
lifestyle,29,Hero-rucksack-mustard-flap-window-beam.png,image,5120,2880,,/Users/ryanz/Library/CloudStorage/GoogleDrive-ryanaoufal@gmail.com/My Drive/Maison Tanneurs/Maisom TanneursLifestyle images/Hero-rucksack-mustard-flap-window-beam.png
lifestyle,30,Hero-satchel-cognac-pebble-zellige-marrakech-alley.png,image,2880,5120,,/Users/ryanz/Library/CloudStorage/GoogleDrive-ryanaoufal@gmail.com/My Drive/Maison Tanneurs/Maisom TanneursLifestyle images/Hero-satchel-cognac-pebble-zellige-marrakech-alley.png
lifestyle,31,Hero-shoulder-bag-cognac-weathered-window.png,image,1280,720,,/Users/ryanz/Library/CloudStorage/GoogleDrive-ryanaoufal@gmail.com/My Drive/Maison Tanneurs/Maisom TanneursLifestyle images/Hero-shoulder-bag-cognac-weathered-window.png
lifestyle,32,Hero-slouch-tote-cognac-arches.png,image,5120,2880,,/Users/ryanz/Library/CloudStorage/GoogleDrive-ryanaoufal@gmail.com/My Drive/Maison Tanneurs/Maisom TanneursLifestyle images/Hero-slouch-tote-cognac-arches.png
lifestyle,33,Hero-tote-cognac-black-drape-studio.png,image,1344,768,,/Users/ryanz/Library/CloudStorage/GoogleDrive-ryanaoufal@gmail.com/My Drive/Maison Tanneurs/Maisom TanneursLifestyle images/Hero-tote-cognac-black-drape-studio.png
lifestyle,34,Hero-tote-keyhole-arch-djellaba.png,image,1344,768,,/Users/ryanz/Library/CloudStorage/GoogleDrive-ryanaoufal@gmail.com/My Drive/Maison Tanneurs/Maisom TanneursLifestyle images/Hero-tote-keyhole-arch-djellaba.png
lifestyle,35,Hero-tote-noir-contrast-stitch-bench.png,image,1760,2336,,/Users/ryanz/Library/CloudStorage/GoogleDrive-ryanaoufal@gmail.com/My Drive/Maison Tanneurs/Maisom TanneursLifestyle images/Hero-tote-noir-contrast-stitch-bench.png
lifestyle,36,Hero-tote-poolside-arch-niche-olive.png,image,5120,2880,,/Users/ryanz/Library/CloudStorage/GoogleDrive-ryanaoufal@gmail.com/My Drive/Maison Tanneurs/Maisom TanneursLifestyle images/Hero-tote-poolside-arch-niche-olive.png
lifestyle,37,Hero-tote-poolside-courtyard.png,image,5120,2880,,/Users/ryanz/Library/CloudStorage/GoogleDrive-ryanaoufal@gmail.com/My Drive/Maison Tanneurs/Maisom TanneursLifestyle images/Hero-tote-poolside-courtyard.png
lifestyle,38,Hero-tote-poolside-olive-stucco.png,image,1280,720,,/Users/ryanz/Library/CloudStorage/GoogleDrive-ryanaoufal@gmail.com/My Drive/Maison Tanneurs/Maisom TanneursLifestyle images/Hero-tote-poolside-olive-stucco.png
lifestyle,39,Model-bag-hellicopter-yacht.png,image,2880,5120,,/Users/ryanz/Library/CloudStorage/GoogleDrive-ryanaoufal@gmail.com/My Drive/Maison Tanneurs/Maisom TanneursLifestyle images/Model-bag-hellicopter-yacht.png
lifestyle,40,Model-bag-hellicopter.png,image,5120,2880,,/Users/ryanz/Library/CloudStorage/GoogleDrive-ryanaoufal@gmail.com/My Drive/Maison Tanneurs/Maisom TanneursLifestyle images/Model-bag-hellicopter.png
lifestyle,41,Model-bag-tennis-Kilim.png,image,6048,2592,,/Users/ryanz/Library/CloudStorage/GoogleDrive-ryanaoufal@gmail.com/My Drive/Maison Tanneurs/Maisom TanneursLifestyle images/Model-bag-tennis-Kilim.png
lifestyle,42,Model-bag-tennis-clouds.png,image,6048,2592,,/Users/ryanz/Library/CloudStorage/GoogleDrive-ryanaoufal@gmail.com/My Drive/Maison Tanneurs/Maisom TanneursLifestyle images/Model-bag-tennis-clouds.png
lifestyle,43,Model-bag-tennis-practice-00.png,image,2880,5120,,/Users/ryanz/Library/CloudStorage/GoogleDrive-ryanaoufal@gmail.com/My Drive/Maison Tanneurs/Maisom TanneursLifestyle images/Model-bag-tennis-practice-00.png
lifestyle,44,Model-bag-tennis-practice-01.png,image,2880,5120,,/Users/ryanz/Library/CloudStorage/GoogleDrive-ryanaoufal@gmail.com/My Drive/Maison Tanneurs/Maisom TanneursLifestyle images/Model-bag-tennis-practice-01.png
lifestyle,45,Model-bag-tennis-practice.png,image,5120,2880,,/Users/ryanz/Library/CloudStorage/GoogleDrive-ryanaoufal@gmail.com/My Drive/Maison Tanneurs/Maisom TanneursLifestyle images/Model-bag-tennis-practice.png
lifestyle,46,Model-crossbody-greek-village-sea-cobbles.png,image,896,1152,,/Users/ryanz/Library/CloudStorage/GoogleDrive-ryanaoufal@gmail.com/My Drive/Maison Tanneurs/Maisom TanneursLifestyle images/Model-crossbody-greek-village-sea-cobbles.png
lifestyle,47,Model-crossbody-tooled-cliffside-village.png,image,2880,5120,,/Users/ryanz/Library/CloudStorage/GoogleDrive-ryanaoufal@gmail.com/My Drive/Maison Tanneurs/Maisom TanneursLifestyle images/Model-crossbody-tooled-cliffside-village.png
lifestyle,48,Model-duffle-cognac-cream-shirt-modern-interior.png,image,896,1152,,/Users/ryanz/Library/CloudStorage/GoogleDrive-ryanaoufal@gmail.com/My Drive/Maison Tanneurs/Maisom TanneursLifestyle images/Model-duffle-cognac-cream-shirt-modern-interior.png
lifestyle,49,Model-handbag-warm-wood-interior.png,image,5120,2880,,/Users/ryanz/Library/CloudStorage/GoogleDrive-ryanaoufal@gmail.com/My Drive/Maison Tanneurs/Maisom TanneursLifestyle images/Model-handbag-warm-wood-interior.png
lifestyle,50,Model-horse-field.png,image,6048,2592,,/Users/ryanz/Library/CloudStorage/GoogleDrive-ryanaoufal@gmail.com/My Drive/Maison Tanneurs/Maisom TanneursLifestyle images/Model-horse-field.png
lifestyle,51,Model-saddlebag-arched-windows-interior.png,image,1344,768,,/Users/ryanz/Library/CloudStorage/GoogleDrive-ryanaoufal@gmail.com/My Drive/Maison Tanneurs/Maisom TanneursLifestyle images/Model-saddlebag-arched-windows-interior.png
lifestyle,52,Model-soft-tote-stone-interior-olive-trees.png,image,1344,768,,/Users/ryanz/Library/CloudStorage/GoogleDrive-ryanaoufal@gmail.com/My Drive/Maison Tanneurs/Maisom TanneursLifestyle images/Model-soft-tote-stone-interior-olive-trees.png
lifestyle,53,Model-tenniscourt-clouds-hd.png,image,6048,2592,,/Users/ryanz/Library/CloudStorage/GoogleDrive-ryanaoufal@gmail.com/My Drive/Maison Tanneurs/Maisom TanneursLifestyle images/Model-tenniscourt-clouds-hd.png
lifestyle,54,Model-tnniscourt-bag-clouds-2.png,image,5120,2880,,/Users/ryanz/Library/CloudStorage/GoogleDrive-ryanaoufal@gmail.com/My Drive/Maison Tanneurs/Maisom TanneursLifestyle images/Model-tnniscourt-bag-clouds-2.png
lifestyle,55,Model-tnniscourt-bag-clouds.png,image,5120,2880,,/Users/ryanz/Library/CloudStorage/GoogleDrive-ryanaoufal@gmail.com/My Drive/Maison Tanneurs/Maisom TanneursLifestyle images/Model-tnniscourt-bag-clouds.png
lifestyle,56,Model-tote-coastal-window-interior.png,image,1280,720,,/Users/ryanz/Library/CloudStorage/GoogleDrive-ryanaoufal@gmail.com/My Drive/Maison Tanneurs/Maisom TanneursLifestyle images/Model-tote-coastal-window-interior.png
lifestyle,57,Sketch-satchel-handbag-pencil.png,image,5120,2880,,/Users/ryanz/Library/CloudStorage/GoogleDrive-ryanaoufal@gmail.com/My Drive/Maison Tanneurs/Maisom TanneursLifestyle images/Sketch-satchel-handbag-pencil.png
lifestyle,58,model-tennis-court.png,image,5120,2880,,/Users/ryanz/Library/CloudStorage/GoogleDrive-ryanaoufal@gmail.com/My Drive/Maison Tanneurs/Maisom TanneursLifestyle images/model-tennis-court.png
atelier,1,Ateler scene.png,image,1536,672,,/Users/ryanz/Library/CloudStorage/GoogleDrive-ryanaoufal@gmail.com/My Drive/Maison Tanneurs/Maison tanneurs Atelier assets /Ateler scene.png
atelier,2,BLK&white atelier HD.png,image,5120,2880,,/Users/ryanz/Library/CloudStorage/GoogleDrive-ryanaoufal@gmail.com/My Drive/Maison Tanneurs/Maison tanneurs Atelier assets /BLK&white atelier HD.png
atelier,3,Bag in courtyard.png,image,1537,1023,,/Users/ryanz/Library/CloudStorage/GoogleDrive-ryanaoufal@gmail.com/My Drive/Maison Tanneurs/Maison tanneurs Atelier assets /Bag in courtyard.png
atelier,4,Berber-dunes-bag.jpeg,image,5504,3072,,/Users/ryanz/Library/CloudStorage/GoogleDrive-ryanaoufal@gmail.com/My Drive/Maison Tanneurs/Maison tanneurs Atelier assets /Berber-dunes-bag.jpeg
atelier,5,Black-model-forest-kilim-HD.png,image,5120,2880,,/Users/ryanz/Library/CloudStorage/GoogleDrive-ryanaoufal@gmail.com/My Drive/Maison Tanneurs/Maison tanneurs Atelier assets /Black-model-forest-kilim-HD.png
atelier,6,Boutique Wide.png,image,1537,1023,,/Users/ryanz/Library/CloudStorage/GoogleDrive-ryanaoufal@gmail.com/My Drive/Maison Tanneurs/Maison tanneurs Atelier assets /Boutique Wide.png
atelier,7,Hero-Model-field.png,image,5120,2880,,/Users/ryanz/Library/CloudStorage/GoogleDrive-ryanaoufal@gmail.com/My Drive/Maison Tanneurs/Maison tanneurs Atelier assets /Hero-Model-field.png
atelier,8,Hero-Model-olive tress-HD.png,image,5120,2880,,/Users/ryanz/Library/CloudStorage/GoogleDrive-ryanaoufal@gmail.com/My Drive/Maison Tanneurs/Maison tanneurs Atelier assets /Hero-Model-olive tress-HD.png
atelier,9,Hero-Model-white-ryad.png,image,5120,2880,,/Users/ryanz/Library/CloudStorage/GoogleDrive-ryanaoufal@gmail.com/My Drive/Maison Tanneurs/Maison tanneurs Atelier assets /Hero-Model-white-ryad.png
atelier,10,Hero-bag-beach-HD.png,image,5120,2880,,/Users/ryanz/Library/CloudStorage/GoogleDrive-ryanaoufal@gmail.com/My Drive/Maison Tanneurs/Maison tanneurs Atelier assets /Hero-bag-beach-HD.png
atelier,11,Hero-bag-rocks-HD (6048x2592).png,image,6048,2592,,/Users/ryanz/Library/CloudStorage/GoogleDrive-ryanaoufal@gmail.com/My Drive/Maison Tanneurs/Maison tanneurs Atelier assets /Hero-bag-rocks-HD (6048x2592).png
atelier,12,Hero-black-model on white.png,image,5120,2880,,/Users/ryanz/Library/CloudStorage/GoogleDrive-ryanaoufal@gmail.com/My Drive/Maison Tanneurs/Maison tanneurs Atelier assets /Hero-black-model on white.png
atelier,13,Hero-black-model-suit.png,image,5120,2880,,/Users/ryanz/Library/CloudStorage/GoogleDrive-ryanaoufal@gmail.com/My Drive/Maison Tanneurs/Maison tanneurs Atelier assets /Hero-black-model-suit.png
atelier,14,Hero-black-model.png,image,5120,2880,,/Users/ryanz/Library/CloudStorage/GoogleDrive-ryanaoufal@gmail.com/My Drive/Maison Tanneurs/Maison tanneurs Atelier assets /Hero-black-model.png
atelier,15,Hero-blakc-model-ally-HD.png,image,4096,4096,,/Users/ryanz/Library/CloudStorage/GoogleDrive-ryanaoufal@gmail.com/My Drive/Maison Tanneurs/Maison tanneurs Atelier assets /Hero-blakc-model-ally-HD.png
atelier,16,Hero-blonde -model-sunset.png,image,5120,2880,,/Users/ryanz/Library/CloudStorage/GoogleDrive-ryanaoufal@gmail.com/My Drive/Maison Tanneurs/Maison tanneurs Atelier assets /Hero-blonde -model-sunset.png
atelier,17,Hero-blonde model-desert.png,image,5120,2880,,/Users/ryanz/Library/CloudStorage/GoogleDrive-ryanaoufal@gmail.com/My Drive/Maison Tanneurs/Maison tanneurs Atelier assets /Hero-blonde model-desert.png
atelier,18,Hero-blonde-model-desert rocks.png,image,5120,2880,,/Users/ryanz/Library/CloudStorage/GoogleDrive-ryanaoufal@gmail.com/My Drive/Maison Tanneurs/Maison tanneurs Atelier assets /Hero-blonde-model-desert rocks.png
atelier,19,Hero-model-bag-rooftop.png,image,6048,2592,,/Users/ryanz/Library/CloudStorage/GoogleDrive-ryanaoufal@gmail.com/My Drive/Maison Tanneurs/Maison tanneurs Atelier assets /Hero-model-bag-rooftop.png
atelier,20,Hero-model-beach.png,image,5120,2880,,/Users/ryanz/Library/CloudStorage/GoogleDrive-ryanaoufal@gmail.com/My Drive/Maison Tanneurs/Maison tanneurs Atelier assets /Hero-model-beach.png
atelier,21,Hero-model-desert-HD.png,image,5120,2880,,/Users/ryanz/Library/CloudStorage/GoogleDrive-ryanaoufal@gmail.com/My Drive/Maison Tanneurs/Maison tanneurs Atelier assets /Hero-model-desert-HD.png
atelier,22,Hero-model-field- HD -01.png,image,5120,2880,,/Users/ryanz/Library/CloudStorage/GoogleDrive-ryanaoufal@gmail.com/My Drive/Maison Tanneurs/Maison tanneurs Atelier assets /Hero-model-field- HD -01.png
atelier,23,Hero-model-field- HD- 00.png,image,5120,2880,,/Users/ryanz/Library/CloudStorage/GoogleDrive-ryanaoufal@gmail.com/My Drive/Maison Tanneurs/Maison tanneurs Atelier assets /Hero-model-field- HD- 00.png
atelier,24,Hero-model-field-rooftop-00.png,image,6048,2592,,/Users/ryanz/Library/CloudStorage/GoogleDrive-ryanaoufal@gmail.com/My Drive/Maison Tanneurs/Maison tanneurs Atelier assets /Hero-model-field-rooftop-00.png
atelier,25,Hero-model-field-rooftop.png,image,6048,2592,,/Users/ryanz/Library/CloudStorage/GoogleDrive-ryanaoufal@gmail.com/My Drive/Maison Tanneurs/Maison tanneurs Atelier assets /Hero-model-field-rooftop.png
atelier,26,Hero-model-forest.png,image,5120,2880,,/Users/ryanz/Library/CloudStorage/GoogleDrive-ryanaoufal@gmail.com/My Drive/Maison Tanneurs/Maison tanneurs Atelier assets /Hero-model-forest.png
atelier,27,Hero-model-rocks.png,image,5120,2880,,/Users/ryanz/Library/CloudStorage/GoogleDrive-ryanaoufal@gmail.com/My Drive/Maison Tanneurs/Maison tanneurs Atelier assets /Hero-model-rocks.png
atelier,28,Hero-model-ryan-entrance.png,image,1280,720,,/Users/ryanz/Library/CloudStorage/GoogleDrive-ryanaoufal@gmail.com/My Drive/Maison Tanneurs/Maison tanneurs Atelier assets /Hero-model-ryan-entrance.png
atelier,29,Hero-model-teal-ryad.png,image,6048,2592,,/Users/ryanz/Library/CloudStorage/GoogleDrive-ryanaoufal@gmail.com/My Drive/Maison Tanneurs/Maison tanneurs Atelier assets /Hero-model-teal-ryad.png
atelier,30,Hero-model-train-HD.png,image,5120,2880,,/Users/ryanz/Library/CloudStorage/GoogleDrive-ryanaoufal@gmail.com/My Drive/Maison Tanneurs/Maison tanneurs Atelier assets /Hero-model-train-HD.png
atelier,31,Leather-atelier.png,image,2880,5120,,/Users/ryanz/Library/CloudStorage/GoogleDrive-ryanaoufal@gmail.com/My Drive/Maison Tanneurs/Maison tanneurs Atelier assets /Leather-atelier.png
atelier,32,Leather-bag-hero.png,image,6048,2592,,/Users/ryanz/Library/CloudStorage/GoogleDrive-ryanaoufal@gmail.com/My Drive/Maison Tanneurs/Maison tanneurs Atelier assets /Leather-bag-hero.png
atelier,33,Medina-sunset.png,image,2880,5120,,/Users/ryanz/Library/CloudStorage/GoogleDrive-ryanaoufal@gmail.com/My Drive/Maison Tanneurs/Maison tanneurs Atelier assets /Medina-sunset.png
atelier,34,Model-bag on the sand-HD.png,image,1344,768,,/Users/ryanz/Library/CloudStorage/GoogleDrive-ryanaoufal@gmail.com/My Drive/Maison Tanneurs/Maison tanneurs Atelier assets /Model-bag on the sand-HD.png
atelier,35,Model-bag-dunes-00.png,image,5120,2880,,/Users/ryanz/Library/CloudStorage/GoogleDrive-ryanaoufal@gmail.com/My Drive/Maison Tanneurs/Maison tanneurs Atelier assets /Model-bag-dunes-00.png
atelier,36,Model-bag-dunes.png,image,5120,2880,,/Users/ryanz/Library/CloudStorage/GoogleDrive-ryanaoufal@gmail.com/My Drive/Maison Tanneurs/Maison tanneurs Atelier assets /Model-bag-dunes.png
atelier,37,Model-bench-desert-HD.png,image,1344,768,,/Users/ryanz/Library/CloudStorage/GoogleDrive-ryanaoufal@gmail.com/My Drive/Maison Tanneurs/Maison tanneurs Atelier assets /Model-bench-desert-HD.png
atelier,38,Model-chair-holding bag.png,image,1280,720,,/Users/ryanz/Library/CloudStorage/GoogleDrive-ryanaoufal@gmail.com/My Drive/Maison Tanneurs/Maison tanneurs Atelier assets /Model-chair-holding bag.png
atelier,39,Model-dunes-walking away.png,image,1536,1024,,/Users/ryanz/Library/CloudStorage/GoogleDrive-ryanaoufal@gmail.com/My Drive/Maison Tanneurs/Maison tanneurs Atelier assets /Model-dunes-walking away.png
atelier,40,Model-field- horse.png,image,5120,2880,,/Users/ryanz/Library/CloudStorage/GoogleDrive-ryanaoufal@gmail.com/My Drive/Maison Tanneurs/Maison tanneurs Atelier assets /Model-field- horse.png
atelier,41,Model-field-half a horse.png,image,6048,2592,,/Users/ryanz/Library/CloudStorage/GoogleDrive-ryanaoufal@gmail.com/My Drive/Maison Tanneurs/Maison tanneurs Atelier assets /Model-field-half a horse.png
atelier,42,Model-rooftop- table-HD.png,image,6048,2592,,/Users/ryanz/Library/CloudStorage/GoogleDrive-ryanaoufal@gmail.com/My Drive/Maison Tanneurs/Maison tanneurs Atelier assets /Model-rooftop- table-HD.png
atelier,43,Model-tennis court-kilim.png,image,768,1344,,/Users/ryanz/Library/CloudStorage/GoogleDrive-ryanaoufal@gmail.com/My Drive/Maison Tanneurs/Maison tanneurs Atelier assets /Model-tennis court-kilim.png
atelier,44,Model-white-bag-dune-HD.png,image,5120,2880,,/Users/ryanz/Library/CloudStorage/GoogleDrive-ryanaoufal@gmail.com/My Drive/Maison Tanneurs/Maison tanneurs Atelier assets /Model-white-bag-dune-HD.png
atelier,45,Morning-store-opening.png,image,5120,2880,,/Users/ryanz/Library/CloudStorage/GoogleDrive-ryanaoufal@gmail.com/My Drive/Maison Tanneurs/Maison tanneurs Atelier assets /Morning-store-opening.png
atelier,46,atelier-leather-table.png,image,1344,768,,/Users/ryanz/Library/CloudStorage/GoogleDrive-ryanaoufal@gmail.com/My Drive/Maison Tanneurs/Maison tanneurs Atelier assets /atelier-leather-table.png
atelier,47,bag-model in bg-HD.png,image,5120,2880,,/Users/ryanz/Library/CloudStorage/GoogleDrive-ryanaoufal@gmail.com/My Drive/Maison Tanneurs/Maison tanneurs Atelier assets /bag-model in bg-HD.png
atelier,48,berber in the desert.jpg,image,3949,4000,,/Users/ryanz/Library/CloudStorage/GoogleDrive-ryanaoufal@gmail.com/My Drive/Maison Tanneurs/Maison tanneurs Atelier assets /berber in the desert.jpg
atelier,49,caravan-bags.png,image,5120,2880,,/Users/ryanz/Library/CloudStorage/GoogleDrive-ryanaoufal@gmail.com/My Drive/Maison Tanneurs/Maison tanneurs Atelier assets /caravan-bags.png
atelier,50,hands-leather work-HD.png,image,2880,5120,,/Users/ryanz/Library/CloudStorage/GoogleDrive-ryanaoufal@gmail.com/My Drive/Maison Tanneurs/Maison tanneurs Atelier assets /hands-leather work-HD.png
atelier,51,leather-bag-couch-HD.png,image,1280,720,,/Users/ryanz/Library/CloudStorage/GoogleDrive-ryanaoufal@gmail.com/My Drive/Maison Tanneurs/Maison tanneurs Atelier assets /leather-bag-couch-HD.png
atelier,52,leather-table-atelier.png,image,5120,2880,,/Users/ryanz/Library/CloudStorage/GoogleDrive-ryanaoufal@gmail.com/My Drive/Maison Tanneurs/Maison tanneurs Atelier assets /leather-table-atelier.png
atelier,53,me-dune-bag.png,image,5120,2880,,/Users/ryanz/Library/CloudStorage/GoogleDrive-ryanaoufal@gmail.com/My Drive/Maison Tanneurs/Maison tanneurs Atelier assets /me-dune-bag.png
atelier,54,model-lavander field- 00.-hd.png,image,6048,2592,,/Users/ryanz/Library/CloudStorage/GoogleDrive-ryanaoufal@gmail.com/My Drive/Maison Tanneurs/Maison tanneurs Atelier assets /model-lavander field- 00.-hd.png
atelier,55,model-lavander field-hd.png,image,6048,2592,,/Users/ryanz/Library/CloudStorage/GoogleDrive-ryanaoufal@gmail.com/My Drive/Maison Tanneurs/Maison tanneurs Atelier assets /model-lavander field-hd.png
atelier,56,model-night-desert-HD.png,image,5120,2880,,/Users/ryanz/Library/CloudStorage/GoogleDrive-ryanaoufal@gmail.com/My Drive/Maison Tanneurs/Maison tanneurs Atelier assets /model-night-desert-HD.png
atelier,57,model-souk.png,image,5120,2880,,/Users/ryanz/Library/CloudStorage/GoogleDrive-ryanaoufal@gmail.com/My Drive/Maison Tanneurs/Maison tanneurs Atelier assets /model-souk.png
atelier,58,model-summer-sand.png,image,1344,768,,/Users/ryanz/Library/CloudStorage/GoogleDrive-ryanaoufal@gmail.com/My Drive/Maison Tanneurs/Maison tanneurs Atelier assets /model-summer-sand.png
atelier,59,model-tennis-leather bag.png,image,896,1152,,/Users/ryanz/Library/CloudStorage/GoogleDrive-ryanaoufal@gmail.com/My Drive/Maison Tanneurs/Maison tanneurs Atelier assets /model-tennis-leather bag.png
atelier,60,model-white suit-kilim bag-HD.png,image,1152,896,,/Users/ryanz/Library/CloudStorage/GoogleDrive-ryanaoufal@gmail.com/My Drive/Maison Tanneurs/Maison tanneurs Atelier assets /model-white suit-kilim bag-HD.png
atelier,61,mt-hero-weekender-desert-product-first-HD-16x9.png,image,5120,2880,,/Users/ryanz/Library/CloudStorage/GoogleDrive-ryanaoufal@gmail.com/My Drive/Maison Tanneurs/Maison tanneurs Atelier assets /mt-hero-weekender-desert-product-first-HD-16x9.png
atelier,62,mt-hero-weekender-desert-product-first-HD-9x16.png,image,2880,5120,,/Users/ryanz/Library/CloudStorage/GoogleDrive-ryanaoufal@gmail.com/My Drive/Maison Tanneurs/Maison tanneurs Atelier assets /mt-hero-weekender-desert-product-first-HD-9x16.png
videos,1,2-Atelier cinematic break — Act IV · The Making.mp4,video,1920,1080,8.0,/Users/ryanz/Library/CloudStorage/GoogleDrive-ryanaoufal@gmail.com/My Drive/Maison Tanneurs/Maison Tanneurs videos/2-Atelier cinematic break — Act IV · The Making.mp4
videos,2,3-heritage mid-poster — Act V · The Atlas.mp4,video,1920,1080,8.0,/Users/ryanz/Library/CloudStorage/GoogleDrive-ryanaoufal@gmail.com/My Drive/Maison Tanneurs/Maison Tanneurs videos/3-heritage mid-poster — Act V · The Atlas.mp4
videos,3,4-products page opening — transition into the Edition.mp4,video,1920,1080,8.0,/Users/ryanz/Library/CloudStorage/GoogleDrive-ryanaoufal@gmail.com/My Drive/Maison Tanneurs/Maison Tanneurs videos/4-products page opening — transition into the Edition.mp4
videos,4,Bag-terrace-light-shift-9x16.mp4,video,1280,720,8.0,/Users/ryanz/Library/CloudStorage/GoogleDrive-ryanaoufal@gmail.com/My Drive/Maison Tanneurs/Maison Tanneurs videos/Bag-terrace-light-shift-9x16.mp4
videos,5,Berber in the dunes.mp4,video,1280,720,10.0,/Users/ryanz/Library/CloudStorage/GoogleDrive-ryanaoufal@gmail.com/My Drive/Maison Tanneurs/Maison Tanneurs videos/Berber in the dunes.mp4
videos,6,Brass_buckle_on_linen_cloth_202606051331.mp4,video,1920,1080,8.0,/Users/ryanz/Library/CloudStorage/GoogleDrive-ryanaoufal@gmail.com/My Drive/Maison Tanneurs/Maison Tanneurs videos/Brass_buckle_on_linen_cloth_202606051331.mp4
videos,7,Cinematic-medina-zigzag-tote-chocolate.mp4,video,1280,720,10.0,/Users/ryanz/Library/CloudStorage/GoogleDrive-ryanaoufal@gmail.com/My Drive/Maison Tanneurs/Maison Tanneurs videos/Cinematic-medina-zigzag-tote-chocolate.mp4
videos,8,Create_a_luxury_fashion_campai.mp4,video,1280,720,10.0,/Users/ryanz/Library/CloudStorage/GoogleDrive-ryanaoufal@gmail.com/My Drive/Maison Tanneurs/Maison Tanneurs videos/Create_a_luxury_fashion_campai.mp4
videos,9,Hands at Work.mp4,video,1280,720,8.0,/Users/ryanz/Library/CloudStorage/GoogleDrive-ryanaoufal@gmail.com/My Drive/Maison Tanneurs/Maison Tanneurs videos/Hands at Work.mp4
videos,10,Here_s_what_I_m_using_This_wa.mp4,video,1280,720,10.0,/Users/ryanz/Library/CloudStorage/GoogleDrive-ryanaoufal@gmail.com/My Drive/Maison Tanneurs/Maison Tanneurs videos/Here_s_what_I_m_using_This_wa.mp4
videos,11,Hero-bag-beach-HD.mp4,video,3840,2160,5.0,/Users/ryanz/Library/CloudStorage/GoogleDrive-ryanaoufal@gmail.com/My Drive/Maison Tanneurs/Maison Tanneurs videos/Hero-bag-beach-HD.mp4
videos,12,Leather_grain_texture_slow_rake_202606051331.mp4,video,1920,1080,8.0,/Users/ryanz/Library/CloudStorage/GoogleDrive-ryanaoufal@gmail.com/My Drive/Maison Tanneurs/Maison Tanneurs videos/Leather_grain_texture_slow_rake_202606051331.mp4
videos,13,Macro_hand-laid_saddle_stitch_le…_202606051332.mp4,video,1920,1080,8.0,/Users/ryanz/Library/CloudStorage/GoogleDrive-ryanaoufal@gmail.com/My Drive/Maison Tanneurs/Maison Tanneurs videos/Macro_hand-laid_saddle_stitch_le…_202606051332.mp4
videos,14,Marrakech Train Window : Traveler.mp4,video,1280,720,8.0,/Users/ryanz/Library/CloudStorage/GoogleDrive-ryanaoufal@gmail.com/My Drive/Maison Tanneurs/Maison Tanneurs videos/Marrakech Train Window : Traveler.mp4
videos,15,Model-white-bag-dune.mp4,video,1280,720,8.0,/Users/ryanz/Library/CloudStorage/GoogleDrive-ryanaoufal@gmail.com/My Drive/Maison Tanneurs/Maison Tanneurs videos/Model-white-bag-dune.mp4
videos,16,Moroccan_hands_tying_tag_202606051728.mp4,video,1080,1920,6.0,/Users/ryanz/Library/CloudStorage/GoogleDrive-ryanaoufal@gmail.com/My Drive/Maison Tanneurs/Maison Tanneurs videos/Moroccan_hands_tying_tag_202606051728.mp4
videos,17,RenderedVideo.MOV,video,464,832,10.9,/Users/ryanz/Library/CloudStorage/GoogleDrive-ryanaoufal@gmail.com/My Drive/Maison Tanneurs/Maison Tanneurs videos/RenderedVideo.MOV
videos,18,Traveler_and_artisan_in_alleys_202606051727.mp4,video,1080,1920,8.0,/Users/ryanz/Library/CloudStorage/GoogleDrive-ryanaoufal@gmail.com/My Drive/Maison Tanneurs/Maison Tanneurs videos/Traveler_and_artisan_in_alleys_202606051727.mp4
videos,19,Traveler_and_artisan_in_alleys_202606051729.mp4,video,1080,1920,6.0,/Users/ryanz/Library/CloudStorage/GoogleDrive-ryanaoufal@gmail.com/My Drive/Maison Tanneurs/Maison Tanneurs videos/Traveler_and_artisan_in_alleys_202606051729.mp4
videos,20,Traveler_and_artisan_in_medina_202606051331.mp4,video,1920,1080,8.0,/Users/ryanz/Library/CloudStorage/GoogleDrive-ryanaoufal@gmail.com/My Drive/Maison Tanneurs/Maison Tanneurs videos/Traveler_and_artisan_in_medina_202606051331.mp4
videos,21,Woman_with_leather_bag_mountains_202606051120.mp4,video,1920,1080,10.0,/Users/ryanz/Library/CloudStorage/GoogleDrive-ryanaoufal@gmail.com/My Drive/Maison Tanneurs/Maison Tanneurs videos/Woman_with_leather_bag_mountains_202606051120.mp4
videos,22,loro-video.mp4,video,1280,720,10.0,/Users/ryanz/Library/CloudStorage/GoogleDrive-ryanaoufal@gmail.com/My Drive/Maison Tanneurs/Maison Tanneurs videos/loro-video.mp4
videos,23,medina-zigzag-tote-chocolate-vodeo-reveal.mp4,video,1280,720,8.0,/Users/ryanz/Library/CloudStorage/GoogleDrive-ryanaoufal@gmail.com/My Drive/Maison Tanneurs/Maison Tanneurs videos/medina-zigzag-tote-chocolate-vodeo-reveal.mp4
videos,24,model in desert.mp4,video,1280,720,10.0,/Users/ryanz/Library/CloudStorage/GoogleDrive-ryanaoufal@gmail.com/My Drive/Maison Tanneurs/Maison Tanneurs videos/model in desert.mp4
videos,25,model-tennis-leather bag.mp4,video,1280,720,8.0,/Users/ryanz/Library/CloudStorage/GoogleDrive-ryanaoufal@gmail.com/My Drive/Maison Tanneurs/Maison Tanneurs videos/model-tennis-leather bag.mp4
