id,title,description,availability,condition,price,link,image_link,additional_image_link,brand,product_type,google_product_category,inventory,custom_label_0,custom_label_1,item_group_id
atlas-briefcase-vintage,Atlas Briefcase · Vintage,"Vintage-register briefcase in deep cognac leather. Dual buckle closures, sturdy top handle, removable crossbody strap. Designed for daily commute with documents and a 14"" laptop.",in stock,new,385.00 USD,https://www.maisontanneurs.com/products/atlas-briefcase-vintage,https://xbtabpurfavngwmwtawc.supabase.co/storage/v1/object/public/products/drop-02/atlas-briefcase-vintage-pdp-white.webp,"https://xbtabpurfavngwmwtawc.supabase.co/storage/v1/object/public/products/drop-02/atlas-briefcase-vintage-pdp-02.webp,https://xbtabpurfavngwmwtawc.supabase.co/storage/v1/object/public/products/drop-02/atlas-briefcase-vintage-pdp-03.webp,https://xbtabpurfavngwmwtawc.supabase.co/storage/v1/object/public/products/drop-02/atlas-briefcase-vintage-pdp-04.webp,https://xbtabpurfavngwmwtawc.supabase.co/storage/v1/object/public/products/drop-02/atlas-briefcase-vintage-pdp-05.webp,https://xbtabpurfavngwmwtawc.supabase.co/storage/v1/object/public/products/drop-02/atlas-briefcase-vintage-pdp-06.webp,https://xbtabpurfavngwmwtawc.supabase.co/storage/v1/object/public/products/drop-02/atlas-briefcase-vintage-pdp-07.webp,https://xbtabpurfavngwmwtawc.supabase.co/storage/v1/object/public/products/drop-02/atlas-briefcase-vintage-pdp-08.webp,https://xbtabpurfavngwmwtawc.supabase.co/storage/v1/object/public/products/drop-02/atlas-briefcase-vintage-pdp-09.webp",Maison Tanneurs,Briefcase,"Apparel & Accessories > Handbags, Wallets & Cases > Handbags",15,P1,Briefcase,
atlas-field-briefcase,Atlas Field Briefcase,"Utility briefcase in full-grain cognac leather with a wide flap, side buckle straps, twin front pockets, and a stitched top handle. Built for documents, travel, and daily carry with field-bag practicality.",in stock,new,385.00 USD,https://www.maisontanneurs.com/products/atlas-field-briefcase,https://xbtabpurfavngwmwtawc.supabase.co/storage/v1/object/public/products/drop-02/atlas-field-briefcase-pdp-white.webp,"https://xbtabpurfavngwmwtawc.supabase.co/storage/v1/object/public/products/drop-02/atlas-field-briefcase-pdp-01.webp,https://xbtabpurfavngwmwtawc.supabase.co/storage/v1/object/public/products/drop-02/atlas-field-briefcase-pdp-02.webp,https://xbtabpurfavngwmwtawc.supabase.co/storage/v1/object/public/products/drop-02/atlas-field-briefcase-pdp-03.webp,https://xbtabpurfavngwmwtawc.supabase.co/storage/v1/object/public/products/drop-02/atlas-field-briefcase-pdp-05.webp,https://xbtabpurfavngwmwtawc.supabase.co/storage/v1/object/public/products/drop-02/atlas-field-briefcase-pdp-06.webp,https://xbtabpurfavngwmwtawc.supabase.co/storage/v1/object/public/products/drop-02/atlas-field-briefcase-pdp-07.webp,https://xbtabpurfavngwmwtawc.supabase.co/storage/v1/object/public/products/drop-02/atlas-field-briefcase-pdp-08.webp,https://xbtabpurfavngwmwtawc.supabase.co/storage/v1/object/public/products/drop-02/atlas-field-briefcase-pdp-09.webp",Maison Tanneurs,Briefcase,"Apparel & Accessories > Handbags, Wallets & Cases > Handbags",10,P1,Briefcase,
atlas-kilim-rucksack,Atlas Kilim Rucksack,"Rucksack rendered in saddle cognac leather framing handwoven kilim wool panels from Atlas weavers. The sister silhouette to the Kilim Duffle, shoulder-carry register.",in stock,new,395.00 USD,https://www.maisontanneurs.com/products/atlas-kilim-rucksack,https://xbtabpurfavngwmwtawc.supabase.co/storage/v1/object/public/products/drop-02/atlas-kilim-rucksack-pdp-white.webp,"https://xbtabpurfavngwmwtawc.supabase.co/storage/v1/object/public/products/drop-02/atlas-kilim-rucksack-scale.webp,https://xbtabpurfavngwmwtawc.supabase.co/storage/v1/object/public/products/drop-02/atlas-kilim-rucksack-pdp-01.webp,https://xbtabpurfavngwmwtawc.supabase.co/storage/v1/object/public/products/drop-02/atlas-kilim-rucksack-pdp-02.webp,https://xbtabpurfavngwmwtawc.supabase.co/storage/v1/object/public/products/drop-02/atlas-kilim-rucksack-pdp-03.webp,https://xbtabpurfavngwmwtawc.supabase.co/storage/v1/object/public/products/drop-02/atlas-kilim-rucksack-pdp-04.webp,https://xbtabpurfavngwmwtawc.supabase.co/storage/v1/object/public/products/drop-02/atlas-kilim-rucksack-pdp-05.webp,https://xbtabpurfavngwmwtawc.supabase.co/storage/v1/object/public/products/drop-02/atlas-kilim-rucksack-pdp-06.webp,https://xbtabpurfavngwmwtawc.supabase.co/storage/v1/object/public/products/drop-02/atlas-kilim-rucksack-pdp-07.webp,https://xbtabpurfavngwmwtawc.supabase.co/storage/v1/object/public/products/drop-02/atlas-kilim-rucksack-pdp-08.webp,https://xbtabpurfavngwmwtawc.supabase.co/storage/v1/object/public/products/drop-02/atlas-kilim-rucksack-pdp-09.webp",Maison Tanneurs,Backpack,"Apparel & Accessories > Handbags, Wallets & Cases > Handbags",10,P1,Backpack,
atlas-messenger-laptop,Atlas Messenger · Laptop,"Modern messenger in burnished cognac leather. Padded 14"" laptop sleeve, brass-finished hardware, flap closure with internal magnetic snaps. Daily commute, decade of patina.",in stock,new,325.00 USD,https://www.maisontanneurs.com/products/atlas-messenger-laptop,https://xbtabpurfavngwmwtawc.supabase.co/storage/v1/object/public/products/drop-02/atlas-messenger-laptop-pdp-white.webp,"https://xbtabpurfavngwmwtawc.supabase.co/storage/v1/object/public/products/drop-02/atlas-messenger-laptop-scale.webp,https://xbtabpurfavngwmwtawc.supabase.co/storage/v1/object/public/products/drop-02/atlas-messenger-laptop-pdp-04.webp,https://xbtabpurfavngwmwtawc.supabase.co/storage/v1/object/public/products/drop-02/atlas-messenger-laptop-pdp-05.webp,https://xbtabpurfavngwmwtawc.supabase.co/storage/v1/object/public/products/drop-02/atlas-messenger-laptop-pdp-06.webp,https://xbtabpurfavngwmwtawc.supabase.co/storage/v1/object/public/products/drop-02/atlas-messenger-laptop-pdp-07.webp,https://xbtabpurfavngwmwtawc.supabase.co/storage/v1/object/public/products/drop-02/atlas-messenger-laptop-pdp-08.webp,https://xbtabpurfavngwmwtawc.supabase.co/storage/v1/object/public/products/drop-02/atlas-messenger-laptop-pdp-01.webp,https://xbtabpurfavngwmwtawc.supabase.co/storage/v1/object/public/products/drop-02/atlas-messenger-laptop-pdp-02.webp",Maison Tanneurs,Messenger,"Apparel & Accessories > Handbags, Wallets & Cases > Handbags",20,P1,Messenger,
atlas-weekender-cognac,Atlas Weekender · Cognac,"Soft slouchy cognac leather weekender with double rolled handles and side slip pocket. Patinas warmer with every trip. Brass zip, lined interior.",in stock,new,325.00 USD,https://www.maisontanneurs.com/products/atlas-weekender-cognac,https://xbtabpurfavngwmwtawc.supabase.co/storage/v1/object/public/products/drop-02/atlas-weekender-cognac-pdp-white.webp,"https://xbtabpurfavngwmwtawc.supabase.co/storage/v1/object/public/products/drop-02/atlas-weekender-cognac-pdp-04.webp,https://xbtabpurfavngwmwtawc.supabase.co/storage/v1/object/public/products/drop-02/atlas-weekender-cognac-pdp-05.webp,https://xbtabpurfavngwmwtawc.supabase.co/storage/v1/object/public/products/drop-02/atlas-weekender-cognac-pdp-06.webp,https://xbtabpurfavngwmwtawc.supabase.co/storage/v1/object/public/products/drop-02/atlas-weekender-cognac-pdp-07.webp,https://xbtabpurfavngwmwtawc.supabase.co/storage/v1/object/public/products/drop-02/atlas-weekender-cognac-pdp-08.webp,https://xbtabpurfavngwmwtawc.supabase.co/storage/v1/object/public/products/drop-02/atlas-weekender-cognac-pdp-01.webp,https://xbtabpurfavngwmwtawc.supabase.co/storage/v1/object/public/products/drop-02/atlas-weekender-cognac-pdp-02.webp,https://xbtabpurfavngwmwtawc.supabase.co/storage/v1/object/public/products/drop-02/atlas-weekender-cognac-pdp-03.webp",Maison Tanneurs,Weekender,"Apparel & Accessories > Handbags, Wallets & Cases > Handbags",16,P1,Weekender,
classic-cognac-satchel,Classic Cognac Satchel,"Classic briefcase satchel in rich cognac full-grain leather. Dual brass buckle closures, sturdy top handle plus removable crossbody strap. Cream saddle-stitch edges throughout. Carries a 14"" laptop. Heirloom-grade.",in stock,new,285.00 USD,https://www.maisontanneurs.com/products/classic-cognac-satchel,https://xbtabpurfavngwmwtawc.supabase.co/storage/v1/object/public/products/drop-02/classic-cognac-satchel-pdp-white.webp,"https://xbtabpurfavngwmwtawc.supabase.co/storage/v1/object/public/products/drop-02/classic-cognac-satchel-pdp-02.webp,https://xbtabpurfavngwmwtawc.supabase.co/storage/v1/object/public/products/drop-02/classic-cognac-satchel-pdp-03.webp,https://xbtabpurfavngwmwtawc.supabase.co/storage/v1/object/public/products/drop-02/classic-cognac-satchel-pdp-04.webp,https://xbtabpurfavngwmwtawc.supabase.co/storage/v1/object/public/products/drop-02/classic-cognac-satchel-pdp-05.webp,https://xbtabpurfavngwmwtawc.supabase.co/storage/v1/object/public/products/drop-02/classic-cognac-satchel-pdp-06.webp,https://xbtabpurfavngwmwtawc.supabase.co/storage/v1/object/public/products/drop-02/classic-cognac-satchel-pdp-07.webp,https://xbtabpurfavngwmwtawc.supabase.co/storage/v1/object/public/products/drop-02/classic-cognac-satchel-pdp-08.webp,https://xbtabpurfavngwmwtawc.supabase.co/storage/v1/object/public/products/drop-02/classic-cognac-satchel-pdp-09.webp",Maison Tanneurs,Satchel,"Apparel & Accessories > Handbags, Wallets & Cases > Handbags",20,P1,Satchel,
cognac-brogue-backpack,Cognac Brogue Backpack,"Structured cognac full-grain leather backpack with dual zip compartments, compact front pocket, leather pullers, and adjustable shoulder straps. A practical city piece with warm pull-up character and hand-finished edges.",in stock,new,265.00 USD,https://www.maisontanneurs.com/products/cognac-brogue-backpack,https://xbtabpurfavngwmwtawc.supabase.co/storage/v1/object/public/products/drop-02/cognac-brogue-backpack-pdp-white.webp,"https://xbtabpurfavngwmwtawc.supabase.co/storage/v1/object/public/products/drop-02/cognac-brogue-backpack-pdp-02.webp,https://xbtabpurfavngwmwtawc.supabase.co/storage/v1/object/public/products/drop-02/cognac-brogue-backpack-pdp-03.webp,https://xbtabpurfavngwmwtawc.supabase.co/storage/v1/object/public/products/drop-02/cognac-brogue-backpack-pdp-04.webp,https://xbtabpurfavngwmwtawc.supabase.co/storage/v1/object/public/products/drop-02/cognac-brogue-backpack-pdp-05.webp,https://xbtabpurfavngwmwtawc.supabase.co/storage/v1/object/public/products/drop-02/cognac-brogue-backpack-pdp-06.webp,https://xbtabpurfavngwmwtawc.supabase.co/storage/v1/object/public/products/drop-02/cognac-brogue-backpack-pdp-07.webp,https://xbtabpurfavngwmwtawc.supabase.co/storage/v1/object/public/products/drop-02/cognac-brogue-backpack-pdp-08.webp,https://xbtabpurfavngwmwtawc.supabase.co/storage/v1/object/public/products/drop-02/cognac-brogue-backpack-pdp-09.webp",Maison Tanneurs,Backpack,"Apparel & Accessories > Handbags, Wallets & Cases > Handbags",20,P1,Backpack,
expedition-rolltop-cognac,Expedition Rolltop · Cognac,"Cognac full-grain leather rolltop expedition pack with vertical X-strap closure. Vegetable-tanned in Marrakech, brass tri-glide buckles, internal padded sleeve. Built for daily carry and long miles.",in stock,new,295.00 USD,https://www.maisontanneurs.com/products/expedition-rolltop-cognac,https://xbtabpurfavngwmwtawc.supabase.co/storage/v1/object/public/products/drop-02/expedition-rolltop-cognac-pdp-white.webp,"https://xbtabpurfavngwmwtawc.supabase.co/storage/v1/object/public/products/drop-02/expedition-rolltop-cognac-pdp-04.webp,https://xbtabpurfavngwmwtawc.supabase.co/storage/v1/object/public/products/drop-02/expedition-rolltop-cognac-pdp-05.webp,https://xbtabpurfavngwmwtawc.supabase.co/storage/v1/object/public/products/drop-02/expedition-rolltop-cognac-pdp-06.webp,https://xbtabpurfavngwmwtawc.supabase.co/storage/v1/object/public/products/drop-02/expedition-rolltop-cognac-pdp-07.webp,https://xbtabpurfavngwmwtawc.supabase.co/storage/v1/object/public/products/drop-02/expedition-rolltop-cognac-pdp-08.webp,https://xbtabpurfavngwmwtawc.supabase.co/storage/v1/object/public/products/drop-02/expedition-rolltop-cognac-pdp-01.webp,https://xbtabpurfavngwmwtawc.supabase.co/storage/v1/object/public/products/drop-02/expedition-rolltop-cognac-pdp-02.webp,https://xbtabpurfavngwmwtawc.supabase.co/storage/v1/object/public/products/drop-02/expedition-rolltop-cognac-pdp-03.webp",Maison Tanneurs,Backpack,"Apparel & Accessories > Handbags, Wallets & Cases > Handbags",18,P1,Backpack,
expedition-rolltop-noir,Expedition Rolltop · Noir,"Same expedition silhouette in deep noir leather. Vegetable-tanned, X-strap closure, brass tri-glides, internal padded sleeve. A quieter cut of the cognac.",in stock,new,295.00 USD,https://www.maisontanneurs.com/products/expedition-rolltop-noir,https://xbtabpurfavngwmwtawc.supabase.co/storage/v1/object/public/products/drop-02/expedition-rolltop-noir-pdp-white.webp,"https://xbtabpurfavngwmwtawc.supabase.co/storage/v1/object/public/products/drop-02/expedition-rolltop-noir-pdp-04.webp,https://xbtabpurfavngwmwtawc.supabase.co/storage/v1/object/public/products/drop-02/expedition-rolltop-noir-pdp-05.webp,https://xbtabpurfavngwmwtawc.supabase.co/storage/v1/object/public/products/drop-02/expedition-rolltop-noir-pdp-06.webp,https://xbtabpurfavngwmwtawc.supabase.co/storage/v1/object/public/products/drop-02/expedition-rolltop-noir-pdp-07.webp,https://xbtabpurfavngwmwtawc.supabase.co/storage/v1/object/public/products/drop-02/expedition-rolltop-noir-pdp-08.webp,https://xbtabpurfavngwmwtawc.supabase.co/storage/v1/object/public/products/drop-02/expedition-rolltop-noir-pdp-01.webp,https://xbtabpurfavngwmwtawc.supabase.co/storage/v1/object/public/products/drop-02/expedition-rolltop-noir-pdp-02.webp,https://xbtabpurfavngwmwtawc.supabase.co/storage/v1/object/public/products/drop-02/expedition-rolltop-noir-pdp-03.webp",Maison Tanneurs,Backpack,"Apparel & Accessories > Handbags, Wallets & Cases > Handbags",14,P1,Backpack,
explorer-rolltop-cognac,Explorer Rolltop · Cognac,Modern rolltop rucksack in deep saddle cognac. Brass center buckle closes a full-bleed roll-down panel; a brass zip pocket runs the vertical centerline. Patinas warm and softens at the corners with daily carry.,in stock,new,285.00 USD,https://www.maisontanneurs.com/products/explorer-rolltop-cognac,https://xbtabpurfavngwmwtawc.supabase.co/storage/v1/object/public/products/drop-02/explorer-rolltop-cognac-pdp-white.webp,"https://xbtabpurfavngwmwtawc.supabase.co/storage/v1/object/public/products/drop-02/explorer-rolltop-cognac-scale.webp,https://xbtabpurfavngwmwtawc.supabase.co/storage/v1/object/public/products/drop-02/explorer-rolltop-cognac-pdp-04.webp,https://xbtabpurfavngwmwtawc.supabase.co/storage/v1/object/public/products/drop-02/explorer-rolltop-cognac-pdp-05.webp,https://xbtabpurfavngwmwtawc.supabase.co/storage/v1/object/public/products/drop-02/explorer-rolltop-cognac-pdp-06.webp,https://xbtabpurfavngwmwtawc.supabase.co/storage/v1/object/public/products/drop-02/explorer-rolltop-cognac-pdp-07.webp,https://xbtabpurfavngwmwtawc.supabase.co/storage/v1/object/public/products/drop-02/explorer-rolltop-cognac-pdp-08.webp,https://xbtabpurfavngwmwtawc.supabase.co/storage/v1/object/public/products/drop-02/explorer-rolltop-cognac-pdp-09.webp,https://xbtabpurfavngwmwtawc.supabase.co/storage/v1/object/public/products/drop-02/explorer-rolltop-cognac-pdp-01.webp",Maison Tanneurs,Backpack,"Apparel & Accessories > Handbags, Wallets & Cases > Handbags",18,P1,Backpack,
heritage-rucksack,Heritage Rucksack,Full-grain cognac leather rucksack with three buckled exterior pockets and a roll-top main compartment. Hand-stitched and brass-fitted by Marrakech leather artisans. Patinas with wear.,in stock,new,325.00 USD,https://www.maisontanneurs.com/products/heritage-rucksack,https://xbtabpurfavngwmwtawc.supabase.co/storage/v1/object/public/products/drop-02/heritage-rucksack-pdp-white.webp,"https://xbtabpurfavngwmwtawc.supabase.co/storage/v1/object/public/products/drop-01/heritage-rucksack-scale.webp,https://xbtabpurfavngwmwtawc.supabase.co/storage/v1/object/public/products/drop-02/heritage-rucksack-pdp-04.webp,https://xbtabpurfavngwmwtawc.supabase.co/storage/v1/object/public/products/drop-02/heritage-rucksack-pdp-05.webp,https://xbtabpurfavngwmwtawc.supabase.co/storage/v1/object/public/products/drop-02/heritage-rucksack-pdp-06.webp,https://xbtabpurfavngwmwtawc.supabase.co/storage/v1/object/public/products/drop-02/heritage-rucksack-pdp-07.webp,https://xbtabpurfavngwmwtawc.supabase.co/storage/v1/object/public/products/drop-02/heritage-rucksack-pdp-08.webp,https://xbtabpurfavngwmwtawc.supabase.co/storage/v1/object/public/products/drop-02/heritage-rucksack-pdp-09.webp,https://xbtabpurfavngwmwtawc.supabase.co/storage/v1/object/public/products/drop-02/heritage-rucksack-pdp-01.webp",Maison Tanneurs,Backpack,"Apparel & Accessories > Handbags, Wallets & Cases > Handbags",30,P1,Backpack,
marrakech-tote-cognac,Marrakech Tote · Cognac,"Structured open-top tote in deep cognac full-grain leather. Tall handles for shoulder carry, magnetic snap interior, brass-finished hardware. Patinas warmer with every season.",in stock,new,295.00 USD,https://www.maisontanneurs.com/products/marrakech-tote-cognac,https://xbtabpurfavngwmwtawc.supabase.co/storage/v1/object/public/products/drop-02/marrakech-tote-cognac-pdp-white.webp,"https://xbtabpurfavngwmwtawc.supabase.co/storage/v1/object/public/products/drop-02/marrakech-tote-cognac-scale.webp,https://xbtabpurfavngwmwtawc.supabase.co/storage/v1/object/public/products/drop-02/marrakech-tote-cognac-pdp-04.webp,https://xbtabpurfavngwmwtawc.supabase.co/storage/v1/object/public/products/drop-02/marrakech-tote-cognac-pdp-05.webp,https://xbtabpurfavngwmwtawc.supabase.co/storage/v1/object/public/products/drop-02/marrakech-tote-cognac-pdp-06.webp,https://xbtabpurfavngwmwtawc.supabase.co/storage/v1/object/public/products/drop-02/marrakech-tote-cognac-pdp-07.webp,https://xbtabpurfavngwmwtawc.supabase.co/storage/v1/object/public/products/drop-02/marrakech-tote-cognac-pdp-08.webp,https://xbtabpurfavngwmwtawc.supabase.co/storage/v1/object/public/products/drop-02/marrakech-tote-cognac-pdp-01.webp,https://xbtabpurfavngwmwtawc.supabase.co/storage/v1/object/public/products/drop-02/marrakech-tote-cognac-pdp-02.webp",Maison Tanneurs,Tote,"Apparel & Accessories > Handbags, Wallets & Cases > Handbags",24,P1,Tote,
medina-cargo-rucksack-cognac,Medina Cargo Rucksack · Cognac,"Cargo-pocket rucksack in deep cognac mahogany. Classic flap closure with brass buckles, drawstring under-flap, two front buckled cargo pockets, side gussets. Full-grain bovine, saddle-stitched, edge-burnished. Hand-cut in Marrakech.",in stock,new,325.00 USD,https://www.maisontanneurs.com/products/medina-cargo-rucksack-cognac,https://xbtabpurfavngwmwtawc.supabase.co/storage/v1/object/public/products/drop-02/medina-cargo-rucksack-cognac-pdp-white.webp,"https://xbtabpurfavngwmwtawc.supabase.co/storage/v1/object/public/products/drop-02/medina-cargo-rucksack-cognac-pdp-02.webp,https://xbtabpurfavngwmwtawc.supabase.co/storage/v1/object/public/products/drop-02/medina-cargo-rucksack-cognac-pdp-03.webp,https://xbtabpurfavngwmwtawc.supabase.co/storage/v1/object/public/products/drop-02/medina-cargo-rucksack-cognac-pdp-04.webp,https://xbtabpurfavngwmwtawc.supabase.co/storage/v1/object/public/products/drop-02/medina-cargo-rucksack-cognac-pdp-05.webp,https://xbtabpurfavngwmwtawc.supabase.co/storage/v1/object/public/products/drop-02/medina-cargo-rucksack-cognac-pdp-06.webp,https://xbtabpurfavngwmwtawc.supabase.co/storage/v1/object/public/products/drop-02/medina-cargo-rucksack-cognac-pdp-07.webp,https://xbtabpurfavngwmwtawc.supabase.co/storage/v1/object/public/products/drop-02/medina-cargo-rucksack-cognac-pdp-08.webp,https://xbtabpurfavngwmwtawc.supabase.co/storage/v1/object/public/products/drop-02/medina-cargo-rucksack-cognac-pdp-09.webp",Maison Tanneurs,Backpack,"Apparel & Accessories > Handbags, Wallets & Cases > Handbags",1,P1,Backpack,
medina-crossbody-clasp-teal,Medina Crossbody · Clasp Teal,"Compact crossbody in petrol teal full-grain leather. Brass turn-clasp closure, saddle-stitched, edge-burnished. Hand-cut in Marrakech.",in stock,new,225.00 USD,https://www.maisontanneurs.com/products/medina-crossbody-clasp-teal,https://xbtabpurfavngwmwtawc.supabase.co/storage/v1/object/public/products/drop-02/medina-crossbody-clasp-teal-pdp-white.webp,"https://xbtabpurfavngwmwtawc.supabase.co/storage/v1/object/public/products/drop-02/medina-crossbody-clasp-teal-pdp-02.webp,https://xbtabpurfavngwmwtawc.supabase.co/storage/v1/object/public/products/drop-02/medina-crossbody-clasp-teal-pdp-03.webp,https://xbtabpurfavngwmwtawc.supabase.co/storage/v1/object/public/products/drop-02/medina-crossbody-clasp-teal-pdp-04.webp,https://xbtabpurfavngwmwtawc.supabase.co/storage/v1/object/public/products/drop-02/medina-crossbody-clasp-teal-pdp-05.webp,https://xbtabpurfavngwmwtawc.supabase.co/storage/v1/object/public/products/drop-02/medina-crossbody-clasp-teal-pdp-06.webp,https://xbtabpurfavngwmwtawc.supabase.co/storage/v1/object/public/products/drop-02/medina-crossbody-clasp-teal-pdp-07.webp,https://xbtabpurfavngwmwtawc.supabase.co/storage/v1/object/public/products/drop-02/medina-crossbody-clasp-teal-pdp-08.webp,https://xbtabpurfavngwmwtawc.supabase.co/storage/v1/object/public/products/drop-02/medina-crossbody-clasp-teal-pdp-09.webp",Maison Tanneurs,Crossbody,"Apparel & Accessories > Handbags, Wallets & Cases > Handbags",1,P1,Crossbody,
medina-crossbody-cognac,Medina Crossbody · Cognac,"Clean flap crossbody in saddle cognac leather. Single brass turn-lock, adjustable shoulder strap, off-white contrast stitching. The medina line's daily silhouette.",in stock,new,195.00 USD,https://www.maisontanneurs.com/products/medina-crossbody-cognac,https://xbtabpurfavngwmwtawc.supabase.co/storage/v1/object/public/products/drop-02/medina-crossbody-cognac-pdp-white.webp,"https://xbtabpurfavngwmwtawc.supabase.co/storage/v1/object/public/products/drop-02/medina-crossbody-cognac-pdp-02.webp,https://xbtabpurfavngwmwtawc.supabase.co/storage/v1/object/public/products/drop-02/medina-crossbody-cognac-pdp-03.webp,https://xbtabpurfavngwmwtawc.supabase.co/storage/v1/object/public/products/drop-02/medina-crossbody-cognac-pdp-04.webp,https://xbtabpurfavngwmwtawc.supabase.co/storage/v1/object/public/products/drop-02/medina-crossbody-cognac-pdp-05.webp,https://xbtabpurfavngwmwtawc.supabase.co/storage/v1/object/public/products/drop-02/medina-crossbody-cognac-pdp-06.webp,https://xbtabpurfavngwmwtawc.supabase.co/storage/v1/object/public/products/drop-02/medina-crossbody-cognac-pdp-07.webp,https://xbtabpurfavngwmwtawc.supabase.co/storage/v1/object/public/products/drop-02/medina-crossbody-cognac-pdp-08.webp,https://xbtabpurfavngwmwtawc.supabase.co/storage/v1/object/public/products/drop-02/medina-crossbody-cognac-pdp-09.webp,https://xbtabpurfavngwmwtawc.supabase.co/storage/v1/object/public/products/drop-02/medina-crossbody-cognac-pdp-10.webp,https://xbtabpurfavngwmwtawc.supabase.co/storage/v1/object/public/products/drop-02/medina-crossbody-cognac-pdp-11.webp",Maison Tanneurs,Crossbody,"Apparel & Accessories > Handbags, Wallets & Cases > Handbags",28,P1,Crossbody,
medina-crossbody-envelope,Medina Envelope Crossbody,"Compact envelope crossbody in deep walnut leather, finished with a single brass turn-lock and an adjustable saddle strap. Quiet enough for evening, structured enough for daily carry.",in stock,new,185.00 USD,https://www.maisontanneurs.com/products/medina-crossbody-envelope,https://xbtabpurfavngwmwtawc.supabase.co/storage/v1/object/public/products/drop-02/medina-crossbody-envelope-pdp-white.webp,"https://xbtabpurfavngwmwtawc.supabase.co/storage/v1/object/public/products/drop-02/medina-crossbody-envelope-pdp-04.webp,https://xbtabpurfavngwmwtawc.supabase.co/storage/v1/object/public/products/drop-02/medina-crossbody-envelope-pdp-05.webp,https://xbtabpurfavngwmwtawc.supabase.co/storage/v1/object/public/products/drop-02/medina-crossbody-envelope-pdp-06.webp,https://xbtabpurfavngwmwtawc.supabase.co/storage/v1/object/public/products/drop-02/medina-crossbody-envelope-pdp-07.webp,https://xbtabpurfavngwmwtawc.supabase.co/storage/v1/object/public/products/drop-02/medina-crossbody-envelope-pdp-08.webp,https://xbtabpurfavngwmwtawc.supabase.co/storage/v1/object/public/products/drop-02/medina-crossbody-envelope-pdp-09.webp,https://xbtabpurfavngwmwtawc.supabase.co/storage/v1/object/public/products/drop-02/medina-crossbody-envelope-pdp-01.webp,https://xbtabpurfavngwmwtawc.supabase.co/storage/v1/object/public/products/drop-02/medina-crossbody-envelope-pdp-02.webp",Maison Tanneurs,Crossbody,"Apparel & Accessories > Handbags, Wallets & Cases > Handbags",25,P1,Crossbody,
medina-crossbody-tooled-walnut,Medina Crossbody · Tooled Walnut,"Hand-tooled saddle crossbody in deep walnut leather. The diamond-and-floral motif is carved by hand into the flap — every piece slightly different. Brass turn-lock, off-white contrast stitching.",in stock,new,245.00 USD,https://www.maisontanneurs.com/products/medina-crossbody-tooled-walnut,https://xbtabpurfavngwmwtawc.supabase.co/storage/v1/object/public/products/drop-02/medina-crossbody-tooled-walnut-pdp-white.webp,"https://xbtabpurfavngwmwtawc.supabase.co/storage/v1/object/public/products/drop-02/medina-crossbody-tooled-walnut-scale.webp,https://xbtabpurfavngwmwtawc.supabase.co/storage/v1/object/public/products/drop-02/medina-crossbody-tooled-walnut-macro-01.webp,https://xbtabpurfavngwmwtawc.supabase.co/storage/v1/object/public/products/drop-02/medina-crossbody-tooled-walnut-macro-02.webp,https://xbtabpurfavngwmwtawc.supabase.co/storage/v1/object/public/products/drop-02/medina-crossbody-tooled-walnut-macro-03.webp",Maison Tanneurs,Crossbody,"Apparel & Accessories > Handbags, Wallets & Cases > Handbags",20,P1,Crossbody,
medina-market-tote-cognac,Medina Market Tote · Cognac,"Soft market tote in deep cognac. Twin handles, single vertical centre seam, unlined interior — built to slouch and soften with use.",in stock,new,295.00 USD,https://www.maisontanneurs.com/products/medina-market-tote-cognac,https://xbtabpurfavngwmwtawc.supabase.co/storage/v1/object/public/products/drop-02/medina-market-tote-cognac-pdp-white.webp,"https://xbtabpurfavngwmwtawc.supabase.co/storage/v1/object/public/products/drop-02/medina-market-tote-cognac-pdp-02.webp,https://xbtabpurfavngwmwtawc.supabase.co/storage/v1/object/public/products/drop-02/medina-market-tote-cognac-pdp-03.webp,https://xbtabpurfavngwmwtawc.supabase.co/storage/v1/object/public/products/drop-02/medina-market-tote-cognac-pdp-04.webp,https://xbtabpurfavngwmwtawc.supabase.co/storage/v1/object/public/products/drop-02/medina-market-tote-cognac-pdp-05.webp,https://xbtabpurfavngwmwtawc.supabase.co/storage/v1/object/public/products/drop-02/medina-market-tote-cognac-pdp-06.webp,https://xbtabpurfavngwmwtawc.supabase.co/storage/v1/object/public/products/drop-02/medina-market-tote-cognac-pdp-07.webp,https://xbtabpurfavngwmwtawc.supabase.co/storage/v1/object/public/products/drop-02/medina-market-tote-cognac-pdp-08.webp,https://xbtabpurfavngwmwtawc.supabase.co/storage/v1/object/public/products/drop-02/medina-market-tote-cognac-pdp-09.webp",Maison Tanneurs,Tote,"Apparel & Accessories > Handbags, Wallets & Cases > Handbags",1,P1,Tote,
medina-rucksack-drawstring,Medina Drawstring Rucksack,Tall cognac drawstring rucksack with a single front buckled pocket and adjustable shoulder strap. A sailor's silhouette translated to luxury full-grain Moroccan leather. Patinas richer with each season.,in stock,new,255.00 USD,https://www.maisontanneurs.com/products/medina-rucksack-drawstring,https://xbtabpurfavngwmwtawc.supabase.co/storage/v1/object/public/products/drop-02/medina-rucksack-drawstring-pdp-white.webp,"https://xbtabpurfavngwmwtawc.supabase.co/storage/v1/object/public/products/drop-02/medina-rucksack-drawstring-scale.webp,https://xbtabpurfavngwmwtawc.supabase.co/storage/v1/object/public/products/drop-02/medina-rucksack-drawstring-pdp-04.webp,https://xbtabpurfavngwmwtawc.supabase.co/storage/v1/object/public/products/drop-02/medina-rucksack-drawstring-pdp-05.webp,https://xbtabpurfavngwmwtawc.supabase.co/storage/v1/object/public/products/drop-02/medina-rucksack-drawstring-pdp-06.webp,https://xbtabpurfavngwmwtawc.supabase.co/storage/v1/object/public/products/drop-02/medina-rucksack-drawstring-pdp-07.webp,https://xbtabpurfavngwmwtawc.supabase.co/storage/v1/object/public/products/drop-02/medina-rucksack-drawstring-pdp-08.webp,https://xbtabpurfavngwmwtawc.supabase.co/storage/v1/object/public/products/drop-02/medina-rucksack-drawstring-pdp-09.webp,https://xbtabpurfavngwmwtawc.supabase.co/storage/v1/object/public/products/drop-02/medina-rucksack-drawstring-pdp-01.webp",Maison Tanneurs,Backpack,"Apparel & Accessories > Handbags, Wallets & Cases > Handbags",20,P1,Backpack,
medina-rucksack-flap-chocolate,Medina Rucksack · Flap Chocolate,"Chocolate full-grain leather drawstring rucksack with overflap and two front buckled pockets. Brass tri-glides, hand-burnished edges. The everyday quietly-luxurious carry.",in stock,new,285.00 USD,https://www.maisontanneurs.com/products/medina-rucksack-flap-chocolate,https://xbtabpurfavngwmwtawc.supabase.co/storage/v1/object/public/products/drop-02/medina-rucksack-flap-chocolate-pdp-white.webp,"https://xbtabpurfavngwmwtawc.supabase.co/storage/v1/object/public/products/drop-02/medina-rucksack-flap-chocolate-pdp-04.webp,https://xbtabpurfavngwmwtawc.supabase.co/storage/v1/object/public/products/drop-02/medina-rucksack-flap-chocolate-pdp-05.webp,https://xbtabpurfavngwmwtawc.supabase.co/storage/v1/object/public/products/drop-02/medina-rucksack-flap-chocolate-pdp-06.webp,https://xbtabpurfavngwmwtawc.supabase.co/storage/v1/object/public/products/drop-02/medina-rucksack-flap-chocolate-pdp-07.webp,https://xbtabpurfavngwmwtawc.supabase.co/storage/v1/object/public/products/drop-02/medina-rucksack-flap-chocolate-pdp-08.webp,https://xbtabpurfavngwmwtawc.supabase.co/storage/v1/object/public/products/drop-02/medina-rucksack-flap-chocolate-pdp-01.webp,https://xbtabpurfavngwmwtawc.supabase.co/storage/v1/object/public/products/drop-02/medina-rucksack-flap-chocolate-pdp-02.webp,https://xbtabpurfavngwmwtawc.supabase.co/storage/v1/object/public/products/drop-02/medina-rucksack-flap-chocolate-pdp-03.webp",Maison Tanneurs,Backpack,"Apparel & Accessories > Handbags, Wallets & Cases > Handbags",18,P1,Backpack,
medina-saddlebag-tooled-cognac,Medina Saddlebag · Tooled Cognac,"Cognac full-grain saddle bag with hand-tooled diamond and rosette flap. Brass turn-lock closure, adjustable shoulder strap. Each flap is carved by hand — every piece is one of one.",in stock,new,265.00 USD,https://www.maisontanneurs.com/products/medina-saddlebag-tooled-cognac,https://xbtabpurfavngwmwtawc.supabase.co/storage/v1/object/public/products/drop-02/medina-saddlebag-tooled-cognac-pdp-white.webp,"https://xbtabpurfavngwmwtawc.supabase.co/storage/v1/object/public/products/drop-02/medina-saddlebag-tooled-cognac-pdp-04.webp,https://xbtabpurfavngwmwtawc.supabase.co/storage/v1/object/public/products/drop-02/medina-saddlebag-tooled-cognac-pdp-05.webp,https://xbtabpurfavngwmwtawc.supabase.co/storage/v1/object/public/products/drop-02/medina-saddlebag-tooled-cognac-pdp-06.webp,https://xbtabpurfavngwmwtawc.supabase.co/storage/v1/object/public/products/drop-02/medina-saddlebag-tooled-cognac-pdp-07.webp,https://xbtabpurfavngwmwtawc.supabase.co/storage/v1/object/public/products/drop-02/medina-saddlebag-tooled-cognac-pdp-08.webp,https://xbtabpurfavngwmwtawc.supabase.co/storage/v1/object/public/products/drop-02/medina-saddlebag-tooled-cognac-pdp-01.webp,https://xbtabpurfavngwmwtawc.supabase.co/storage/v1/object/public/products/drop-02/medina-saddlebag-tooled-cognac-pdp-02.webp,https://xbtabpurfavngwmwtawc.supabase.co/storage/v1/object/public/products/drop-02/medina-saddlebag-tooled-cognac-pdp-03.webp",Maison Tanneurs,Saddlebag,"Apparel & Accessories > Handbags, Wallets & Cases > Handbags",12,P1,Saddlebag,
medina-zigzag-tote-chocolate,Medina Zigzag Tote · Chocolate,"Structured tote in chocolate oxblood leather with hand-laced zigzag side panels. Twin top handles, structured base. The lacing is hand-pulled, never machine.",in stock,new,345.00 USD,https://www.maisontanneurs.com/products/medina-zigzag-tote-chocolate,https://xbtabpurfavngwmwtawc.supabase.co/storage/v1/object/public/products/drop-02/medina-zigzag-tote-chocolate-pdp-white.webp,"https://xbtabpurfavngwmwtawc.supabase.co/storage/v1/object/public/products/drop-02/medina-zigzag-tote-chocolate-pdp-02.webp,https://xbtabpurfavngwmwtawc.supabase.co/storage/v1/object/public/products/drop-02/medina-zigzag-tote-chocolate-pdp-03.webp,https://xbtabpurfavngwmwtawc.supabase.co/storage/v1/object/public/products/drop-02/medina-zigzag-tote-chocolate-pdp-04.webp,https://xbtabpurfavngwmwtawc.supabase.co/storage/v1/object/public/products/drop-02/medina-zigzag-tote-chocolate-pdp-05.webp,https://xbtabpurfavngwmwtawc.supabase.co/storage/v1/object/public/products/drop-02/medina-zigzag-tote-chocolate-pdp-06.webp,https://xbtabpurfavngwmwtawc.supabase.co/storage/v1/object/public/products/drop-02/medina-zigzag-tote-chocolate-pdp-07.webp,https://xbtabpurfavngwmwtawc.supabase.co/storage/v1/object/public/products/drop-02/medina-zigzag-tote-chocolate-pdp-08.webp,https://xbtabpurfavngwmwtawc.supabase.co/storage/v1/object/public/products/drop-02/medina-zigzag-tote-chocolate-pdp-09.webp",Maison Tanneurs,Tote,"Apparel & Accessories > Handbags, Wallets & Cases > Handbags",1,P1,Tote,
oasis-weekender-oxblood,Oasis Weekender · Oxblood,"Structured deep-oxblood leather weekender with contrast hide side panel and double rolled handles. Brass hardware, hand-stitched gusset, slip pocket interior. Made for a long Friday night.",in stock,new,345.00 USD,https://www.maisontanneurs.com/products/oasis-weekender-oxblood,https://xbtabpurfavngwmwtawc.supabase.co/storage/v1/object/public/products/drop-02/oasis-weekender-oxblood-pdp-white.webp,"https://xbtabpurfavngwmwtawc.supabase.co/storage/v1/object/public/products/drop-02/oasis-weekender-oxblood-pdp-04.webp,https://xbtabpurfavngwmwtawc.supabase.co/storage/v1/object/public/products/drop-02/oasis-weekender-oxblood-pdp-05.webp,https://xbtabpurfavngwmwtawc.supabase.co/storage/v1/object/public/products/drop-02/oasis-weekender-oxblood-pdp-06.webp,https://xbtabpurfavngwmwtawc.supabase.co/storage/v1/object/public/products/drop-02/oasis-weekender-oxblood-pdp-07.webp,https://xbtabpurfavngwmwtawc.supabase.co/storage/v1/object/public/products/drop-02/oasis-weekender-oxblood-pdp-08.webp,https://xbtabpurfavngwmwtawc.supabase.co/storage/v1/object/public/products/drop-02/oasis-weekender-oxblood-pdp-01.webp,https://xbtabpurfavngwmwtawc.supabase.co/storage/v1/object/public/products/drop-02/oasis-weekender-oxblood-pdp-02.webp,https://xbtabpurfavngwmwtawc.supabase.co/storage/v1/object/public/products/drop-02/oasis-weekender-oxblood-pdp-03.webp",Maison Tanneurs,Weekender,"Apparel & Accessories > Handbags, Wallets & Cases > Handbags",14,P1,Weekender,
vintage-buckle-backpack,Vintage Buckle Backpack,"Safari-classic silhouette in cognac full-grain leather. Buckled flap over a drawstring inner closure, plus three exterior buckled pockets (one front, two side). Patinas to a deep tobacco with daily wear. Hand-finished and ready to ship within 48h.",in stock,new,225.00 USD,https://www.maisontanneurs.com/products/vintage-buckle-backpack,https://xbtabpurfavngwmwtawc.supabase.co/storage/v1/object/public/products/drop-02/vintage-buckle-backpack-pdp-white.webp,"https://xbtabpurfavngwmwtawc.supabase.co/storage/v1/object/public/products/drop-02/vintage-buckle-backpack-scale.webp,https://xbtabpurfavngwmwtawc.supabase.co/storage/v1/object/public/products/drop-02/vintage-buckle-backpack-pdp-04.webp,https://xbtabpurfavngwmwtawc.supabase.co/storage/v1/object/public/products/drop-02/vintage-buckle-backpack-pdp-05.webp,https://xbtabpurfavngwmwtawc.supabase.co/storage/v1/object/public/products/drop-02/vintage-buckle-backpack-pdp-06.webp,https://xbtabpurfavngwmwtawc.supabase.co/storage/v1/object/public/products/drop-02/vintage-buckle-backpack-pdp-07.webp,https://xbtabpurfavngwmwtawc.supabase.co/storage/v1/object/public/products/drop-02/vintage-buckle-backpack-pdp-08.webp,https://xbtabpurfavngwmwtawc.supabase.co/storage/v1/object/public/products/drop-02/vintage-buckle-backpack-pdp-09.webp,https://xbtabpurfavngwmwtawc.supabase.co/storage/v1/object/public/products/drop-02/vintage-buckle-backpack-pdp-01.webp",Maison Tanneurs,Backpack,"Apparel & Accessories > Handbags, Wallets & Cases > Handbags",25,P1,Backpack,
vintage-satchel-light-brown,Vintage Satchel · Light Brown,"Compact satchel in soft light-brown full-grain leather. Buckled flap closure, brass-finished hardware, adjustable crossbody strap. The everyday companion that patinas warm with use.",in stock,new,215.00 USD,https://www.maisontanneurs.com/products/vintage-satchel-light-brown,https://xbtabpurfavngwmwtawc.supabase.co/storage/v1/object/public/products/drop-02/vintage-satchel-light-brown-pdp-white.webp,"https://xbtabpurfavngwmwtawc.supabase.co/storage/v1/object/public/products/drop-02/vintage-satchel-light-brown-pdp-02.webp,https://xbtabpurfavngwmwtawc.supabase.co/storage/v1/object/public/products/drop-02/vintage-satchel-light-brown-pdp-03.webp,https://xbtabpurfavngwmwtawc.supabase.co/storage/v1/object/public/products/drop-02/vintage-satchel-light-brown-pdp-04.webp,https://xbtabpurfavngwmwtawc.supabase.co/storage/v1/object/public/products/drop-02/vintage-satchel-light-brown-pdp-05.webp,https://xbtabpurfavngwmwtawc.supabase.co/storage/v1/object/public/products/drop-02/vintage-satchel-light-brown-pdp-06.webp,https://xbtabpurfavngwmwtawc.supabase.co/storage/v1/object/public/products/drop-02/vintage-satchel-light-brown-pdp-07.webp,https://xbtabpurfavngwmwtawc.supabase.co/storage/v1/object/public/products/drop-02/vintage-satchel-light-brown-pdp-08.webp,https://xbtabpurfavngwmwtawc.supabase.co/storage/v1/object/public/products/drop-02/vintage-satchel-light-brown-pdp-09.webp",Maison Tanneurs,Satchel,"Apparel & Accessories > Handbags, Wallets & Cases > Handbags",22,P1,Satchel,
woven-leather-backpack,Woven Leather Backpack,Dark-chocolate full-grain leather woven by hand into a diamond lattice across the body and flap. Drawstring inner closure under the buckled flap. Smooth saddle leather base and shoulder straps. The most labour-intensive bag in the drop.,in stock,new,295.00 USD,https://www.maisontanneurs.com/products/woven-leather-backpack,https://xbtabpurfavngwmwtawc.supabase.co/storage/v1/object/public/products/drop-02/woven-leather-backpack-pdp-white.webp,"https://xbtabpurfavngwmwtawc.supabase.co/storage/v1/object/public/products/drop-02/woven-leather-backpack-pdp-02.webp,https://xbtabpurfavngwmwtawc.supabase.co/storage/v1/object/public/products/drop-02/woven-leather-backpack-pdp-03.webp,https://xbtabpurfavngwmwtawc.supabase.co/storage/v1/object/public/products/drop-02/woven-leather-backpack-pdp-04.webp,https://xbtabpurfavngwmwtawc.supabase.co/storage/v1/object/public/products/drop-02/woven-leather-backpack-pdp-05.webp,https://xbtabpurfavngwmwtawc.supabase.co/storage/v1/object/public/products/drop-02/woven-leather-backpack-pdp-06.webp,https://xbtabpurfavngwmwtawc.supabase.co/storage/v1/object/public/products/drop-02/woven-leather-backpack-pdp-07.webp,https://xbtabpurfavngwmwtawc.supabase.co/storage/v1/object/public/products/drop-02/woven-leather-backpack-pdp-08.webp,https://xbtabpurfavngwmwtawc.supabase.co/storage/v1/object/public/products/drop-02/woven-leather-backpack-pdp-09.webp",Maison Tanneurs,Backpack,"Apparel & Accessories > Handbags, Wallets & Cases > Handbags",15,P1,Backpack,
